If it is literally becoming one line when pasted, don't use the chat copy button. Instead:

Paste into Notepad (or a plain text editor) first.
Then copy from Notepad into Overleaf.

Or manually add line breaks.

Here's the shortest working version, with each statement on its own line:

\documentclass{article}
\usepackage{tikz}
\usetikzlibrary{automata,positioning}

\begin{document}

\begin{tikzpicture}[->,>=stealth,node distance=2cm]

\node[state,initial] (s) {$s$};

\node[state,accepting] (f) [right=8cm of s] {$f$};

\node[state] (a1) [above right=of s] {$a_1$};
\node[state] (a2) [right=of a1] {$a_2$};

\draw (s) edge node {$\varepsilon$} (f);
\draw (s) edge node {$\varepsilon$} (a1);
\draw (a1) edge node {0} (a2);
\draw (a2) edge node {1} (f);

\draw (f) edge[bend left=40] node {$\varepsilon$} (s);

\end{tikzpicture}

\end{document}


If even this appears on one line, the problem is not the LaTeX code. It's that whatever you're using to paste is stripping newlines. In that case, tell me:

Are you pasting into Overleaf source mode or Visual Editor?
Or are you pasting into a code block inside your assignment?

Since I can see you have the Overleaf project open, make sure you're in the Source Editor (the .tex file), not the Visual Editor.